dataset,tn,fp,fn,tp,accuracy,f1
verlan_test_set,28,1,7,22,0.8620689655172413,0.8461538461538461
verlan_test_set_invented,23,2,10,15,0.76,0.7142857142857143
