dataset,tn,fp,fn,tp,accuracy,f1
verlan_test_set,28,1,8,21,0.8448275862068966,0.8235294117647058
verlan_test_set_invented,25,0,17,8,0.66,0.48484848484848486
