dataset,tn,fp,fn,tp,accuracy,f1
verlan_test_set,25,4,9,20,0.7758620689655172,0.7547169811320755
verlan_test_set_invented,25,0,23,2,0.54,0.14814814814814814
