dataset,tn,fp,fn,tp,accuracy,f1
verlan_test_set,12,17,2,27,0.6724137931034483,0.7397260273972602
verlan_test_set_invented,12,13,9,16,0.56,0.5925925925925926
