dataset,tn,fp,fn,tp,accuracy,f1
verlan_test_set,16,13,4,25,0.7068965517241379,0.746268656716418
verlan_test_set_invented,18,7,18,7,0.5,0.358974358974359
