dataset,tn,fp,fn,tp,accuracy,f1
verlan_test_set,27,2,9,20,0.8103448275862069,0.7843137254901961
verlan_test_set_invented,25,0,14,11,0.72,0.6111111111111112
