dataset,tn,fp,fn,tp,accuracy,f1
verlan_test_set,26,3,5,24,0.8620689655172413,0.8571428571428571
verlan_test_set_invented,24,1,9,16,0.8,0.7619047619047619
