dataset,tn,fp,fn,tp,accuracy,f1
verlan_test_set,26,3,10,19,0.7758620689655172,0.7450980392156863
verlan_test_set_invented,23,2,19,6,0.58,0.36363636363636365
