dataset,tn,fp,fn,tp,accuracy,f1
verlan_test_set,27,2,6,23,0.8620689655172413,0.8518518518518519
verlan_test_set_invented,25,0,17,8,0.66,0.48484848484848486
