dataset,tn,fp,fn,tp,accuracy,f1
verlan_test_set,25,4,8,21,0.7931034482758621,0.7777777777777778
verlan_test_set_invented,21,4,17,8,0.58,0.43243243243243246
