dataset,tn,fp,fn,tp,accuracy,f1
verlan_test_set,29,0,10,19,0.8275862068965517,0.7916666666666666
verlan_test_set_invented,25,0,16,9,0.68,0.5294117647058824
