dataset,tn,fp,fn,tp,accuracy,f1
verlan_test_set,26,3,9,20,0.7931034482758621,0.7692307692307693
verlan_test_set_invented,23,2,23,2,0.5,0.13793103448275862
