dataset,tn,fp,fn,tp,accuracy,f1
verlan_test_set,24,5,6,23,0.8103448275862069,0.8070175438596491
verlan_test_set_invented,23,2,21,4,0.54,0.25806451612903225
