dataset,tn,fp,fn,tp,accuracy,f1
verlan_test_set,24,5,8,21,0.7758620689655172,0.7636363636363637
verlan_test_set_invented,23,2,23,2,0.5,0.13793103448275862
