dataset,tn,fp,fn,tp,accuracy,f1
verlan_test_set,26,3,9,20,0.7931034482758621,0.7692307692307693
verlan_test_set_invented,22,3,20,5,0.54,0.30303030303030304
