dataset,tn,fp,fn,tp,accuracy,f1
verlan_test_set,29,0,9,20,0.8448275862068966,0.8163265306122449
verlan_test_set_invented,22,3,15,10,0.64,0.5263157894736842
