dataset,tn,fp,fn,tp,accuracy,f1
verlan_test_set,29,0,11,18,0.8103448275862069,0.7659574468085106
verlan_test_set_invented,25,0,16,9,0.68,0.5294117647058824
