dataset,tn,fp,fn,tp,accuracy,f1
verlan_test_set,28,1,6,23,0.8793103448275862,0.8679245283018868
verlan_test_set_invented,25,0,17,8,0.66,0.48484848484848486
