dataset,tn,fp,fn,tp,accuracy,f1
verlan_test_set,27,2,6,23,0.8620689655172413,0.8518518518518519
verlan_test_set_invented,24,1,12,13,0.74,0.6666666666666666
