dataset,tn,fp,fn,tp,accuracy,f1
verlan_test_set,28,1,8,21,0.8448275862068966,0.8235294117647058
verlan_test_set_invented,24,1,16,9,0.66,0.5142857142857142
