dataset,tn,fp,fn,tp,accuracy,f1
verlan_test_set,10,19,5,24,0.5862068965517241,0.6666666666666666
verlan_test_set_invented,12,13,12,13,0.5,0.5098039215686274
