dataset,tn,fp,fn,tp,accuracy,f1
verlan_test_set,25,4,8,21,0.7931034482758621,0.7777777777777778
verlan_test_set_invented,24,1,22,3,0.54,0.20689655172413793
