dataset,tn,fp,fn,tp,accuracy,f1
verlan_test_set,10,19,5,24,0.5862068965517241,0.6666666666666666
verlan_test_set_invented,12,13,11,14,0.52,0.5384615384615384
