dataset,tn,fp,fn,tp,accuracy,f1
verlan_test_set,27,2,7,22,0.8448275862068966,0.8301886792452831
verlan_test_set_invented,25,0,17,8,0.66,0.48484848484848486
