dataset,tn,fp,fn,tp,accuracy,f1
verlan_test_set,26,3,9,20,0.7931034482758621,0.7692307692307693
verlan_test_set_invented,24,1,23,2,0.52,0.14285714285714285
