dataset,tn,fp,fn,tp,accuracy,f1
verlan_test_set,28,1,8,21,0.8448275862068966,0.8235294117647058
verlan_test_set_invented,23,2,13,12,0.7,0.6153846153846154
