dataset,tn,fp,fn,tp,accuracy,f1
verlan_test_set,28,1,8,21,0.8448275862068966,0.8235294117647058
verlan_test_set_invented,24,1,15,10,0.68,0.5555555555555556
