dataset,tn,fp,fn,tp,accuracy,f1
verlan_test_set,25,4,11,18,0.7413793103448276,0.7058823529411765
verlan_test_set_invented,25,0,23,2,0.54,0.14814814814814814
