dataset,tn,fp,fn,tp,accuracy,f1
verlan_test_set,26,3,4,25,0.8793103448275862,0.8771929824561403
verlan_test_set_invented,21,4,7,18,0.78,0.7659574468085106
