dataset,tn,fp,fn,tp,accuracy,f1
verlan_test_set,17,12,6,23,0.6896551724137931,0.71875
verlan_test_set_invented,19,6,18,7,0.52,0.3684210526315789
