dataset,tn,fp,fn,tp,accuracy,f1
verlan_test_set,24,5,12,17,0.7068965517241379,0.6666666666666666
verlan_test_set_invented,24,1,23,2,0.52,0.14285714285714285
