dataset,tn,fp,fn,tp,accuracy,f1
verlan_test_set,28,1,7,22,0.8620689655172413,0.8461538461538461
verlan_test_set_invented,25,0,17,8,0.66,0.48484848484848486
