dataset,tn,fp,fn,tp,accuracy,f1
verlan_test_set,25,4,10,19,0.7586206896551724,0.7307692307692307
verlan_test_set_invented,24,1,21,4,0.56,0.26666666666666666
