dataset,tn,fp,fn,tp,accuracy,f1
verlan_test_set,27,2,4,25,0.896551724137931,0.8928571428571429
verlan_test_set_invented,23,2,8,17,0.8,0.7727272727272727
