dataset,tn,fp,fn,tp,accuracy,f1
verlan_test_set,28,1,6,23,0.8793103448275862,0.8679245283018868
verlan_test_set_invented,24,1,14,11,0.7,0.5945945945945946
