dataset,tn,fp,fn,tp,accuracy,f1
verlan_test_set,24,5,7,22,0.7931034482758621,0.7857142857142857
verlan_test_set_invented,23,2,19,6,0.58,0.36363636363636365
