dataset,tn,fp,fn,tp,accuracy,f1
verlan_test_set,27,2,8,21,0.8275862068965517,0.8076923076923077
verlan_test_set_invented,25,0,17,8,0.66,0.48484848484848486
