dataset,tn,fp,fn,tp,accuracy,f1
verlan_test_set,28,1,8,21,0.8448275862068966,0.8235294117647058
verlan_test_set_invented,25,0,16,9,0.68,0.5294117647058824
