dataset,tn,fp,fn,tp,accuracy,f1
verlan_test_set,25,4,9,20,0.7758620689655172,0.7547169811320755
verlan_test_set_invented,25,0,22,3,0.56,0.21428571428571427
