run_id,pooling,l2,calibration,threshold_mode,t_star,ap,auc,f1_at_0p5,f1_at_tstar,acc_at_tstar,brier,ece,youdenJ_val,t_J,F1_val_at_t_star
1,CLS,0,0,0.5,0.5,0.4375,0.25,0.0,0.0,0.5,0.5,0.5,0.0,0.0,0.0
2,CLS,0,1,t*,0.325,0.4375,0.25,0.25,0.25,0.25,0.3352353406380454,0.38194444583132536,0.4166666666666665,0.325,0.6666666666666666
3,CLS,1,0,t*,0.0,0.4375,0.25,0.0,0.6666666666666666,0.5,0.49553356855447733,0.4955057577450973,0.0,0.0,0.6
4,CLS,1,1,0.5,0.5,0.4375,0.25,0.25,0.25,0.25,0.3352353428490026,0.38194444927494453,0.4166666666666665,0.325,0.6666666666666666
5,MEAN,0,0,t*,0.0,0.5,0.5,0.6666666666666666,0.6666666666666666,0.5,0.5,0.5,0.0,0.0,0.6
6,MEAN,0,1,0.5,0.5,0.8125,0.6875,0.5714285714285714,0.5714285714285714,0.625,0.2185941015229333,0.2326104238124475,0.75,0.356,0.6666666666666666
7,MEAN,1,0,0.5,0.5,0.8125,0.6875,0.4,0.4,0.625,0.24138932527625992,0.16714224853810267,0.75,0.25,0.8
8,MEAN,1,1,t*,0.34500000000000003,0.8125,0.6875,0.6666666666666666,0.6666666666666666,0.625,0.22015050779695175,0.3025435584326828,0.75,0.34500000000000003,0.8571428571428571
