dataset,tn,fp,fn,tp,accuracy,f1
verlan_test_set,21,8,6,23,0.7586206896551724,0.7666666666666667
verlan_test_set_invented,20,5,20,5,0.5,0.2857142857142857
