dataset,tn,fp,fn,tp,accuracy,f1
verlan_test_set,27,2,9,20,0.8103448275862069,0.7843137254901961
verlan_test_set_invented,25,0,17,8,0.66,0.48484848484848486
